,test,val,train
mse,0.051323890686035156,0.021877197548747063,0.014620690606534481
mae,0.15243102610111237,0.10526066273450851,0.07316837459802628
rmse,0.22654776275157928,0.14790941774845123,0.12091604620218277
winding_r2,0.9050848393644529,0.9648328789195659,0.9846019785616412
tooth_r2,0.9121264529596022,0.9680794803718737,0.9835907065999966
yoke_r2,0.9516613786613612,0.9801154819579251,0.9874912028096031
overall_r2,0.922957556995139,0.9710092804164546,0.9852279626570786
